{"val_recon_loss":1.380903959274292,"_runtime":36.308892817,"train_vq_loss_epoch":0.6684877276420593,"_wandb":{"runtime":45},"epoch":2,"val_vq_loss":3.251291445849347e-06,"val_total_loss":1.3809071779251099,"graph_0":{"_type":"graph-file","sha256":"61fb6de59d2a137ce67d0fb9d363521849b5059a29c8b72acedb2f4f98dcedad","size":14905,"path":"media/graph/graph_0_summary_61fb6de59d2a137ce67d.graph.json"},"train_total_loss_epoch":1.9199674129486084,"trainer/global_step":8,"_timestamp":1.7512612170726657e+09,"_step":5,"train_recon_loss_epoch":1.2514798641204834}