{"_timestamp":1.7512635354209182e+09,"_runtime":197.028511837,"_step":0,"graph_0":{"_type":"graph-file","sha256":"d2b12a13028e4800aceb1f38ffc00120c222002c8f7f835bf56e1c79d18ca6f0","size":14905,"path":"media/graph/graph_0_summary_d2b12a13028e4800aceb.graph.json"},"train_recon_loss_step":0.7200437784194946,"epoch":0,"trainer/global_step":49,"_wandb":{"runtime":246},"train_vq_loss_step":0.2724592387676239,"train_total_loss_step":0.9925030469894409}