{"train_recon_loss_step":0.7559751272201538,"_timestamp":1.751260127613796e+09,"trainer/global_step":65,"_wandb":{"runtime":241},"_step":22,"train_vq_loss_step":0.005311373621225357,"graph_0":{"_type":"graph-file","sha256":"7dd35a602a9b2acf2f410dbefb32428285107c9b1f23f74ac6b94220c3a49869","size":14905,"path":"media/graph/graph_0_summary_7dd35a602a9b2acf2f41.graph.json"},"train_vq_loss_epoch":0.002657877979800105,"_runtime":240.0091646,"epoch":21,"train_total_loss_step":0.7612864971160889,"train_total_loss_epoch":0.7311070561408997,"train_recon_loss_epoch":0.7284491658210754}