{"avg_loss_100":0.23981591537594796,"avg_mae_loss_100":0.00407044418854639,"avg_iou_loss_100":0.42212692618370057,"batch_chamfer_loss":0.05043415352702141,"epoch":0,"_wandb":{"runtime":7675},"_timestamp":1.7421994102068293e+09,"avg_chamfer_loss_100":0.04936402291059494,"_runtime":7674.741919198,"batch_loss":0.23786720633506775,"batch_mae_loss":0.0049217138439416885,"_step":1039,"batch_iou_loss":0.4154568314552307}