{"_wandb":{"runtime":252},"graph_0":{"_type":"graph-file","sha256":"34601c10e1ec055cce48c965748f420ac535e67e39b65b036dea6b1293aa098b","size":14905,"path":"media/graph/graph_0_summary_34601c10e1ec055cce48.graph.json"},"_timestamp":1.7512631433860466e+09,"train_total_loss_step":0.795412003993988,"_step":0,"trainer/global_step":49,"epoch":0,"train_vq_loss_step":0.025584064424037933,"_runtime":235.01559399,"train_recon_loss_step":0.7698279619216919}