{"_runtime":713.525363406,"avg_mae_loss_100":0.7794036543369294,"_step":100,"_timestamp":1.7423645188978105e+09,"avg_loss_100":0.7794036543369294,"batch_chamfer_loss":0.8521748185157776,"avg_iou_loss_100":0.9643637132644653,"batch_iou_loss":0.9603787660598755,"_wandb":{"runtime":723},"batch_loss":0.7059345841407776,"epoch":0,"avg_chamfer_loss_100":0.8104744553565979,"batch_mae_loss":0.7059345841407776}