{"train_vq_loss_step":0.585371196269989,"trainer/global_step":49,"_timestamp":1.7512644106002212e+09,"train_total_loss_step":1.5586837530136108,"_runtime":183.902652179,"_wandb":{"runtime":229},"_step":0,"train_recon_loss_step":0.9733125567436218,"epoch":0,"graph_0":{"size":14905,"path":"media/graph/graph_0_summary_df5488c270e2768e1165.graph.json","_type":"graph-file","sha256":"df5488c270e2768e1165b68e0879d4ca50dbc67e757876c171965f9b5cfc28fe"}}