{"train_total_loss_step":0.9843205809593201,"_wandb":{"runtime":312},"trainer/global_step":49,"graph_0":{"sha256":"4d02d9db6aa41b050b4bc67be6a475d405340d176010921ea39ea1a7186e7b59","size":15321,"path":"media/graph/graph_0_summary_4d02d9db6aa41b050b4b.graph.json","_type":"graph-file"},"_step":0,"epoch":0,"train_recon_loss_step":0.9722789525985718,"_timestamp":1.751265485610517e+09,"train_vq_loss_step":0.01204160787165165,"_runtime":197.238410994}