{"avg_mae_loss_100":0.003462480930611491,"batch_iou_loss":0.6263509392738342,"_runtime":67773.282652668,"_step":9468,"batch_chamfer_loss":0.0668691024184227,"avg_iou_loss_100":0.3560377991199493,"epoch":0,"_timestamp":1.7424323954198856e+09,"batch_mae_loss":0.005507212597876787,"avg_chamfer_loss_100":0.04547019675374031,"batch_loss":0.005507212597876787,"avg_loss_100":0.003462480930611491,"_wandb":{"runtime":81963}}