{"_runtime":67863.453180105,"batch_iou_loss":0.43583691120147705,"batch_chamfer_loss":0.0481240339577198,"avg_mae_loss_100":0.005410164194181562,"_wandb":{"runtime":69967},"_timestamp":1.742361688754653e+09,"batch_loss":0.005194328725337982,"avg_chamfer_loss_100":0.05114688724279404,"batch_mae_loss":0.005194328725337982,"epoch":0,"avg_iou_loss_100":0.44877298176288605,"_step":9468,"avg_loss_100":0.005410164194181562}