{"batch_mae_loss":0.00386283197440207,"avg_chamfer_loss_100":0.04665681719779968,"epoch":0,"_step":9468,"avg_iou_loss_100":0.37040895283222197,"avg_loss_100":0.0035927533148787916,"batch_iou_loss":0.3502533435821533,"_runtime":69130.191756931,"batch_loss":0.00386283197440207,"_wandb":{"runtime":79937},"batch_chamfer_loss":0.044677022844552994,"_timestamp":1.74226856672057e+09,"avg_mae_loss_100":0.0035927533148787916}