{"epoch":0,"train_recon_loss_step":0.8897436857223511,"graph_0":{"path":"media/graph/graph_0_summary_51ac8cb38b8833f9489d.graph.json","_type":"graph-file","sha256":"51ac8cb38b8833f9489da9c1e5c565da40873cdcac8fe3b009af9717669c9138","size":14905},"_wandb":{"runtime":285},"_runtime":188.692737919,"_timestamp":1.7512646566718252e+09,"train_vq_loss_step":0.031656280159950256,"trainer/global_step":49,"_step":0,"train_total_loss_step":0.9213999509811401}