{"val_vq_loss":1.829669054131955e-05,"_timestamp":1.7512603776302443e+09,"_runtime":61.106754971,"epoch":4,"val_recon_loss":1.4832375049591064,"val_total_loss":1.4832557439804077,"train_vq_loss_epoch":0.12306313961744308,"trainer/global_step":14,"train_total_loss_epoch":1.375372052192688,"_step":9,"train_recon_loss_epoch":1.2523088455200195,"graph_0":{"_type":"graph-file","sha256":"c19b7fe1cd0c59b1df5ed727dcd152a052beb8e38d78150071e47e798c4c99d2","size":14905,"path":"media/graph/graph_0_summary_c19b7fe1cd0c59b1df5e.graph.json"},"_wandb":{"runtime":65}}