{"train_total_loss_epoch":0.8916041851043701,"_wandb":{"runtime":115},"val_recon_loss":0.8434759974479675,"_step":19,"val_vq_loss":0.0002779728965833783,"val_total_loss":0.8437539935112,"_timestamp":1.7512611698666217e+09,"_runtime":114.698901273,"graph_0":{"path":"media/graph/graph_0_summary_653a88d62bd2b7417924.graph.json","_type":"graph-file","sha256":"653a88d62bd2b74179243ad7180540321f1ed6b5b0fb353071e3dd4bd84360ed","size":14905},"epoch":9,"trainer/global_step":29,"train_vq_loss_epoch":0.015504417009651661,"train_recon_loss_epoch":0.8760998249053955}